1,돈암2동주민센터,서울특별시 성북구 흥천사길 7 (돈암동),서울특별시 성북구 흥천사길 7 
2,동선동주민센터,서울특별시 성북구 동소문로26길 27 (동선동),서울특별시 성북구 동소문로26길 27 
3,보문동주민센터,서울특별시 성북구 보문동7가 108-1 (보문동),서울특별시 성북구 보문동7가 108-1 
4,삼선동주민센터,서울특별시 성북구 보문로 190 (삼선동),서울특별시 성북구 보문로 190 
35,안암동주민센터,서울특별시 성북구 인촌로 16 (안암동),서울특별시 성북구 인촌로 16 
36,월곡1동주민센터,서울특별시 성북구 오패산로 96 (월곡동),서울특별시 성북구 오패산로 96 
37,월곡2동주민센터,서울특별시 성북구 화랑로 152 (월곡동),서울특별시 성북구 화랑로 152 
38,장위1동주민센터,서울특별시 성북구 장위로 61 (장위동),서울특별시 성북구 장위로 61 
39,장위2동주민센터,서울특별시 성북구 돌곶이로27길 12 (장위동),서울특별시 성북구 돌곶이로27길 12 
40,장위3동주민센터,서울특별시 성북구 한천로 657 (장위동),서울특별시 성북구 한천로 657 
41,정릉1동주민센터,서울특별시 성북구 정릉로38마길 33 (정릉동),서울특별시 성북구 정릉로38마길 33 
42,정릉2동주민센터,서울특별시 성북구 정릉로26길 1 (정릉동),서울특별시 성북구 정릉로26길 1 
43,정릉3동주민센터,서울특별시 성북구 솔샘로1길 6-3 (정릉동),서울특별시 성북구 솔샘로1길 6-3 
44,정릉4동주민센터,서울특별시 성북구 보국문로 106-1 (정릉동),서울특별시 성북구 보국문로 106-1 
45,종암동주민센터,서울특별시 성북구 종암로 98-8 (종암동),서울특별시 성북구 종암로 98-8 
46,가락1동주민센터,서울특별시 송파구 송파대로 345 (가락동 가락초등학교 내),서울특별시 송파구 송파대로 345 
47,가락2동주민센터,서울특별시 송파구 중대로20길 6 (가락동),서울특별시 송파구 중대로20길 6 
48,가락본동주민센터,서울특별시 송파구 송파대로28길 39 (가락동),서울특별시 송파구 송파대로28길 39 
49,거여1동주민센터,서울특별시 송파구 오금로53길 (거여동),서울특별시 송파구 오금로53길 
50,거여2동주민센터,서울특별시 송파구 거마로2길 19 (거여동),서울특별시 송파구 거마로2길 19 
51,마천1동주민센터,서울특별시 송파구 마천로 303 (마천동),서울특별시 송파구 마천로 303 
52,마천2동주민센터,서울특별시 송파구 마천로 287 (마천동),서울특별시 송파구 마천로 287 
53,문정1동주민센터,서울특별시 송파구 동남로 116 (문정동),서울특별시 송파구 동남로 116 
54,문정2동주민센터,서울특별시 송파구 새말로19길 6 (문정동),서울특별시 송파구 새말로19길 6 
55,방이1동주민센터,서울특별시 송파구 방이1동 26 (방이동),서울특별시 송파구 방이1동 26 
56,방이2동주민센터,서울특별시 송파구 백제고분로 495 (방이동),서울특별시 송파구 백제고분로 495 
57,삼전동주민센터,서울특별시 송파구 백제고분로 236 (삼전동),서울특별시 송파구 백제고분로 236 
58,석촌동주민센터,서울특별시 송파구 백제고분로37길 16 (석촌동),서울특별시 송파구 백제고분로37길 16 
59,송파1동주민센터,서울특별시 송파구 백제고분로42길 5 (송파동),서울특별시 송파구 백제고분로42길 5 
60,송파2동주민센터,서울특별시 송파구 송이로 32 (송파동),서울특별시 송파구 송이로 32 
61,대치1동주민센터,서울특별시 강남구 남부순환로391길 19,서울특별시 강남구 남부순환로391길 19
62,대치2동주민센터,서울특별시 강남구 영동대로65길 24,서울특별시 강남구 영동대로65길 24
63,대치4동주민센터,서울특별시 강남구 도곡로77길 23,서울특별시 강남구 도곡로77길 23
64,도곡1동주민센터,서울특별시 강남구 도곡로18길 57,서울특별시 강남구 도곡로18길 57
65,도곡2동주민센터,서울특별시 강남구 남부순환로378길 34-9,서울특별시 강남구 남부순환로378길 34-9
66,삼성1동주민센터,서울특별시 강남구 봉은사로 616,서울특별시 강남구 봉은사로 616
67,삼성2동주민센터,서울특별시 강남구 봉은사로 419,서울특별시 강남구 봉은사로 419
68,세곡동주민센터,서울특별시 강남구 밤고개로 286,서울특별시 강남구 밤고개로 286
69,수서동주민센터,서울특별시 강남구 광평로 301-4,서울특별시 강남구 광평로 301-4
70,신사동주민센터,서울특별시 강남구 압구정로 128,서울특별시 강남구 압구정로 128
71,압구정동주민센터,서울특별시 강남구 압구정로33길48,서울특별시 강남구 압구정로33길48
72,역삼1동주민센터,서울특별시 강남구 역삼로7길 16,서울특별시 강남구 역삼로7길 16
73,역삼2동주민센터,서울특별시 강남구 도곡로43길 25,서울특별시 강남구 도곡로43길 25
74,일원1동주민센터,서울특별시 강남구 양재대로55길 14,서울특별시 강남구 양재대로55길 14
75,일원2동주민센터,서울특별시 강남구 개포로 607,서울특별시 강남구 개포로 607
76,일원본동주민센터,서울특별시 강남구 광평로 126,서울특별시 강남구 광평로 126
77,청담동주민센터,서울특별시 강남구 압구정로79길 26,서울특별시 강남구 압구정로79길 26
78,강일동주민센터,서울특별시 강동구 아리수로93길 9-14 (강일동),서울특별시 강동구 아리수로93길 9-14 
79,고덕1동주민센터,서울특별시 강동구 양재대로156길 123 (고덕동),서울특별시 강동구 양재대로156길 123 
80,고덕2동주민센터,서울특별시 강동구 아리수로78길 43-12 (고덕동),서울특별시 강동구 아리수로78길 43-12 
81,길동주민센터,서울특별시 강동구 명일로 229-1 (길동),서울특별시 강동구 명일로 229-1 
82,둔촌1동주민센터,서울특별시 강동구 양재대로84길 31 (둔촌동),서울특별시 강동구 양재대로84길 31 
83,둔촌2동주민센터,서울특별시 강동구 천호대로186길 7 (둔촌동),서울특별시 강동구 천호대로186길 7 
84,명일1동주민센터,서울특별시 강동구 양재대로138길 37 (명일동),서울특별시 강동구 양재대로138길 37 
85,명일2동주민센터,서울특별시 강동구 상암로 260 (명일동),서울특별시 강동구 상암로 260 
86,상일동주민센터,서울특별시 강동구 고덕로80길 111 (상일동),서울특별시 강동구 고덕로80길 111 
87,성내1동주민센터,서울특별시 강동구 성내로 13 (성내동),서울특별시 강동구 성내로 13 
88,성내2동주민센터,서울특별시 강동구 풍성로37가길 62 (성내동),서울특별시 강동구 풍성로37가길 62 
89,오금동주민센터,서울특별시 송파구 중대로2길 5 (오금동),서울특별시 송파구 중대로2길 5 
91,서초3동주민센터,서울특별시 서초구 반포대로10길 10,서울특별시 서초구 반포대로10길 10
93,망원1동주민센터,서울특별시 마포구 포은로6길 10 (망원동),서울특별시 마포구 포은로6길 10 
94,망원2동주민센터,서울특별시 마포구 방울내로7길 11 (망원동),서울특별시 마포구 방울내로7길 11 
95,상암동주민센터,서울특별시 마포구 매봉산로2길 16 (상암동),서울특별시 마포구 매봉산로2길 16 
96,서강동주민센터,서울특별시 마포구 독막로 165 (창전동),서울특별시 마포구 독막로 165 
97,서교동주민센터,서울특별시 마포구 동교로15길 7 (서교동),서울특별시 마포구 동교로15길 7 
98,성산1동주민센터,서울특별시 마포구 성산로4길 15 (성산동),서울특별시 마포구 성산로4길 15 
99,성산2동주민센터,서울특별시 마포구 월드컵북로30길 22 (성산동),서울특별시 마포구 월드컵북로30길 22 
100,신수동주민센터,서울특별시 마포구 독막로 192 (신수동),서울특별시 마포구 독막로 192 
101,아현동주민센터,서울특별시 마포구 마포대로7길 18 (공덕동),서울특별시 마포구 마포대로7길 18 
102,연남동주민센터,서울특별시 마포구 성미산로29길 17-9 (연남동),서울특별시 마포구 성미산로29길 17-9 
103,염리동주민센터,서울특별시 마포구 숭문길 14 (염리동),서울특별시 마포구 숭문길 14 
104,용강동주민센터,서울특별시 마포구 토정로31길 31 (용강동),서울특별시 마포구 토정로31길 31 
105,합정동주민센터,서울특별시 마포구 동교로8길 58 (합정동),서울특별시 마포구 동교로8길 58 
106,남가좌1동주민센터,서울특별시 서대문구 수색로2길48 (남가좌동),서울특별시 서대문구 수색로2길48 
107,남가좌2동주민센터,서울특별시 서대문구 증가로10길28 (남가좌동),서울특별시 서대문구 증가로10길28 
108,북가좌1동주민센터,서울특별시 서대문구 수색로100-55 (북가좌동),서울특별시 서대문구 수색로100-55 
109,북가좌2동주민센터,서울특별시 서대문구 응암로1길10 (북가좌동),서울특별시 서대문구 응암로1길10 
110,북아현동주민센터,서울특별시 서대문구 이화여대길92-8 (대현동),서울특별시 서대문구 이화여대길92-8 
111,신촌동주민센터,서울특별시 서대문구 이화여대길92-8 (대현동),서울특별시 서대문구 이화여대길92-8 
112,연희동주민센터,서울특별시 서대문구 연희로189 (연희동),서울특별시 서대문구 연희로189 
113,천연동주민센터,서울특별시 서대문구 성산로694,서울특별시 서대문구 성산로694
114,충현동주민센터,서울특별시 서대문구 북아현로22길38 (북아현동),서울특별시 서대문구 북아현로22길38 
115,홍은1동주민센터,서울특별시 서대문구 홍은중앙로85 (홍은동),서울특별시 서대문구 홍은중앙로85 
116,홍은2동주민센터,서울특별시 서대문구 모래내로334 (홍은동),서울특별시 서대문구 모래내로334 
117,홍제1동주민센터,서울특별시 서대문구 통일로435-1 (홍제동),서울특별시 서대문구 통일로435-1 
118,홍제2동주민센터,서울특별시 서대문구 통일로34길27 (홍제동),서울특별시 서대문구 통일로34길27 
119,홍제3동주민센터,서울특별시 서대문구 세검정로4길32 (홍제동),서울특별시 서대문구 세검정로4길32 
146,개포1동주민센터,서울특별시 강남구 개포로 310-17,서울특별시 강남구 개포로 310-17
147,개포2동주민센터,서울특별시 강남구 개포로 511,서울특별시 강남구 개포로 511
148,개포4동주민센터,서울특별시 강남구 개포로38길 12,서울특별시 강남구 개포로38길 12
149,논현1동주민센터,서울특별시 강남구 학동로20길 25,서울특별시 강남구 학동로20길 25
150,논현2동주민센터,서울특별시 강남구 학동로43길 17,서울특별시 강남구 학동로43길 17
152,망우3동주민센터,서울특별시 중랑구 용마산로 461 (망우동),서울특별시 중랑구 용마산로 461 
153,망우본동주민센터,서울특별시 중랑구 망우로67길 10 (망우동),서울특별시 중랑구 망우로67길 10 
154,면목2동주민센터,서울특별시 중랑구 동일로101길 20-15 (면목동),서울특별시 중랑구 동일로101길 20-15 
155,면목4동주민센터,서울특별시 중랑구 면목로 246 (면목동),서울특별시 중랑구 면목로 246 
156,면목5동주민센터,서울특별시 중랑구 동일로 619 (면목동),서울특별시 중랑구 동일로 619 
157,면목7동주민센터,서울특별시 중랑구 면목로 298 (면목동),서울특별시 중랑구 면목로 298 
158,면목본동주민센터,서울특별시 중랑구 면목로 397 (면목동),서울특별시 중랑구 면목로 397 
159,면목제3.8동주민센터,서울특별시 중랑구 사가정로51길 48 (면목동),서울특별시 중랑구 사가정로51길 48 
160,묵1동주민센터,서울특별시 중랑구 공릉로2가길 5 (묵동),서울특별시 중랑구 공릉로2가길 5 
161,묵2동주민센터,서울특별시 중랑구 동일로157길 29 (묵동),서울특별시 중랑구 동일로157길 29 
162,상봉1동주민센터,서울특별시 중랑구 상봉중앙로1길 6 (상봉동),서울특별시 중랑구 상봉중앙로1길 6 
163,상봉2동주민센터,서울특별시 중랑구 봉우재로 93-5 (상봉동),서울특별시 중랑구 봉우재로 93-5 
164,신내1동주민센터,서울특별시 중랑구 용마산로129나길 35 (신내동),서울특별시 중랑구 용마산로129나길 35 
165,신내2동주민센터,서울특별시 중랑구 봉화산로 190 (신내동),서울특별시 중랑구 봉화산로 190 
166,중화1동주민센터,서울특별시 중랑구 동일로134길 17 (중화동),서울특별시 중랑구 동일로134길 17 
167,중화2동주민센터,서울특별시 중랑구 봉화산로3길 28 (중화동),서울특별시 중랑구 봉화산로3길 28 
168,내곡동주민센터,서울특별시 서초구 염곡말길 9 (염곡동),서울특별시 서초구 염곡말길 9 
169,반포1동주민센터,서울특별시 서초구 사평대로 273,서울특별시 서초구 사평대로 273
170,반포2동주민센터,서울특별시 서초구 신반포로15길 16,서울특별시 서초구 신반포로15길 16
171,반포3동주민센터,서울특별시 서초구 신반포로23길 78,서울특별시 서초구 신반포로23길 78
172,반포4동주민센터,서울특별시 서초구 사평대로28길,서울특별시 서초구 사평대로28길
173,반포본동주민센터,서울특별시 서초구 신반포로 10,서울특별시 서초구 신반포로 10
175,당산1동주민센터,서울특별시 영등포구 양산로23길 11,서울특별시 영등포구 양산로23길 11
176,당산2동주민센터,서울특별시 영등포구 당산로235,서울특별시 영등포구 당산로235
177,대림1동주민센터,서울특별시 영등포구 디지털로 441,서울특별시 영등포구 디지털로 441
178,대림2동주민센터,서울특별시 영등포구 대림로23길 25,서울특별시 영등포구 대림로23길 25
179,대림3동주민센터,서울특별시 영등포구 대림로197,서울특별시 영등포구 대림로197
180,도림동주민센터,서울특별시 영등포구 도영로7길 10,서울특별시 영등포구 도영로7길 10
181,문래동주민센터,서울특별시 영등포구 문래로28길 15,서울특별시 영등포구 문래로28길 15
182,신길1동주민센터,서울특별시 영등포구 영등포로84길 24-5,서울특별시 영등포구 영등포로84길 24-5
183,신길3동주민센터,서울특별시 영등포구 신길로41라길 13-8,서울특별시 영등포구 신길로41라길 13-8
184,신길4동주민센터,서울특별시 영등포구 신길로42길1,서울특별시 영등포구 신길로42길1
185,신길5동주민센터,서울특별시 영등포구 도림로 264,서울특별시 영등포구 도림로 264
186,신길6동주민센터,서울특별시 영등포구 대방천로 169,서울특별시 영등포구 대방천로 169
187,신길7동주민센터,서울특별시 영등포구 여의대방로43길 10,서울특별시 영등포구 여의대방로43길 10
188,양평1동주민센터,서울특별시 영등포구 영등포로11길 12,서울특별시 영등포구 영등포로11길 12
189,양평2동주민센터,서울특별시 영등포구 양평로20길 8-1,서울특별시 영등포구 양평로20길 8-1
190,여의동주민센터,서울특별시 영등포구 국제금융로 124,서울특별시 영등포구 국제금융로 124
191,영등포동주민센터,서울특별시 영등포구 영등포로53길 22,서울특별시 영등포구 영등포로53길 22
192,영등포본동주민센터,서울특별시 영등포구신길로61길,서울특별시 영등포구신길로61길
193,남영동주민센터,서울특별시 용산구 두텁바위로 25 (갈월동),서울특별시 용산구 두텁바위로 25 
194,보광동주민센터,서울특별시 용산구 장문로 95 (보광동),서울특별시 용산구 장문로 95 
195,서빙고동주민센터,서울특별시 용산구 서빙고로 279 (서빙고동),서울특별시 용산구 서빙고로 279 
196,용문동주민센터,서울특별시 용산구 새창로12길 13 (도원동),서울특별시 용산구 새창로12길 13 
197,용산2가동주민센터,서울특별시 용산구 신흥로 90 (용산2가동),서울특별시 용산구 신흥로 90 
198,원효로1동주민센터,서울특별시 용산구 백범로 350 (문배동),서울특별시 용산구 백범로 350 
199,원효로2동주민센터,서울특별시 용산구 효창원로8길 3 (산천동),서울특별시 용산구 효창원로8길 3 
200,이촌1동주민센터,서울특별시 용산구 이촌로71길 24 (이촌동),서울특별시 용산구 이촌로71길 24 
201,이촌2동주민센터,서울특별시 용산구 이촌로18길 20 (이촌동),서울특별시 용산구 이촌로18길 20 
202,이태원1동주민센터,서울특별시 용산구 보광로 104-6 (이태원동),서울특별시 용산구 보광로 104-6 
203,잠실2동주민센터,서울특별시 송파구 올림픽로 159 (잠실동),서울특별시 송파구 올림픽로 159 
204,잠실3동주민센터,서울특별시 송파구 잠실로 51-31 (잠실동),서울특별시 송파구 잠실로 51-31 
205,잠실4동주민센터,서울특별시 송파구 올림픽로35길 16 (신천동),서울특별시 송파구 올림픽로35길 16 
206,잠실6동주민센터,서울특별시 송파구 올림픽로35길 120 (신천동),서울특별시 송파구 올림픽로35길 120 
207,잠실7동주민센터,서울특별시 송파구 올림픽로4길 17 상가2층 (잠실동 아시아선수촌),서울특별시 송파구 올림픽로4길 17 상가2층 
208,잠실본동주민센터,서울특별시 송파구 백제고분로15길 9 (잠실동),서울특별시 송파구 백제고분로15길 9 
209,장지동주민센터,서울특별시 송파구 새말로19길 6 (문정동),서울특별시 송파구 새말로19길 6 
210,풍납1동주민센터,서울특별시 송파구 천호대로152길 7 (풍납동),서울특별시 송파구 천호대로152길 7 
211,풍납2동주민센터,서울특별시 송파구 토성로 64 (풍납동),서울특별시 송파구 토성로 64 
212,목1동주민센터,서울특별시 양천구 목동서로 192 (목동),서울특별시 양천구 목동서로 192 
213,목2동주민센터,서울특별시 양천구 중앙본로 120 (목동),서울특별시 양천구 중앙본로 120 
214,목3동주민센터,서울특별시 양천구 목동중앙남로16나길 55 (목동),서울특별시 양천구 목동중앙남로16나길 55 
215,목4동주민센터,서울특별시 양천구 목동중앙로 25 (목동),서울특별시 양천구 목동중앙로 25 
216,목5동주민센터,서울특별시 양천구 목동서로 41 (목동),서울특별시 양천구 목동서로 41 
217,신월1동주민센터,서울특별시 양천구 중앙로32길 1 (신정동),서울특별시 양천구 중앙로32길 1 
218,신월2동주민센터,서울특별시 양천구 목동동로 154 (신정동),서울특별시 양천구 목동동로 154 
219,신월3동주민센터,서울특별시 양천구 중앙로 209 (신정동),서울특별시 양천구 중앙로 209 
220,신월4동주민센터,서울특별시 양천구 은행정로11가길 8 (신정동),서울특별시 양천구 은행정로11가길 8 
221,신월5동주민센터,서울특별시 양천구 목동서로 353 (신정동),서울특별시 양천구 목동서로 353 
222,신월6동주민센터,서울특별시 양천구 목동동로 37 (신정동),서울특별시 양천구 목동동로 37 
223,신월7동주민센터,서울특별시 양천구 곰달래로1길 38 (신월동),서울특별시 양천구 곰달래로1길 38 
224,신정1동주민센터,서울특별시 양천구 중앙로53길 47 (신월동),서울특별시 양천구 중앙로53길 47 
225,신정2동주민센터,서울특별시 양천구 남부순환로54길 5 (신월동),서울특별시 양천구 남부순환로54길 5 
226,신정3동주민센터,서울특별시 양천구 오목동5길 34 (신월동),서울특별시 양천구 오목동5길 34 
227,신정4동주민센터,서울특별시 양천구 화곡로4길 10 (신월동),서울특별시 양천구 화곡로4길 10 
228,신정6동주민센터,서울특별시 양천구 신남3길 6 (신월동),서울특별시 양천구 신남3길 6 
229,신정7동주민센터,서울특별시 양천구 남부순환로70길 16-3 (신월동),서울특별시 양천구 남부순환로70길 16-3 
230,이태원2동주민센터,서울특별시 용산구 회나무로13길 58 (이태원동),서울특별시 용산구 회나무로13길 58 
231,청파동주민센터,서울특별시 용산구 청파로49길 6 (청파동2가),서울특별시 용산구 청파로49길 6 
232,한강로동주민센터,서울특별시 용산구 한강대로38길 28 (한강로2가),서울특별시 용산구 한강대로38길 28 
233,한남동주민센터,서울특별시 용산구 대사관로5길 1 (한남동),서울특별시 용산구 대사관로5길 1 
234,효창동주민센터,서울특별시 용산구 효창원로 161 (효창동),서울특별시 용산구 효창원로 161 
235,후암동주민센터,서울특별시 용산구 후암로 32-6 (후암동),서울특별시 용산구 후암로 32-6 
236,갈현1동주민센터,서울특별시 은평구 갈현로 301 (갈현동),서울특별시 은평구 갈현로 301 
237,갈현2동주민센터,서울특별시 은평구 연서로27길 31-6 (갈현동),서울특별시 은평구 연서로27길 31-6 
238,구산동주민센터,서울특별시 은평구 갈현로17길 10 (구산동),서울특별시 은평구 갈현로17길 10 
239,녹번동주민센터,서울특별시 은평구 은평로 195 (녹번동),서울특별시 은평구 은평로 195 
240,대조동주민센터,서울특별시 은평구 연서로20길 24-3 (대조동),서울특별시 은평구 연서로20길 24-3 
241,불광1동주민센터,서울특별시 은평구 진흥로15길 10 (불광동),서울특별시 은평구 진흥로15길 10 
242,불광2동주민센터,서울특별시 은평구 연서로41길 16 (불광동),서울특별시 은평구 연서로41길 16 
243,수색동주민센터,서울특별시 은평구 은평터널로 27 (수색동),서울특별시 은평구 은평터널로 27 
244,신사1동주민센터,서울특별시 은평구 은평로2길 2 (신사동),서울특별시 은평구 은평로2길 2 
245,신사2동주민센터,서울특별시 은평구 증산로15길 47 (신사동),서울특별시 은평구 증산로15길 47 
246,역촌동주민센터,서울특별시 은평구 연서로 59 (역촌동),서울특별시 은평구 연서로 59 
247,응암1동주민센터,서울특별시 은평구 백련산로 179 (응암동),서울특별시 은평구 백련산로 179 
248,응암2동주민센터,서울특별시 은평구 백련산로 100 (응암동),서울특별시 은평구 백련산로 100 
249,응암3동주민센터,서울특별시 은평구 불광천길410-17 (응암동),서울특별시 은평구 불광천길410-17 
250,증산동주민센터,서울특별시 은평구 증산서길 89 (증산동),서울특별시 은평구 증산서길 89 
251,진관동주민센터,서울특별시 은평구 진관2로 31 (진관동),서울특별시 은평구 진관2로 31 
252,가회동주민센터,서울특별시 종로구 북촌로 35 (가회동),서울특별시 종로구 북촌로 35 
253,교남동주민센터,서울특별시 종로구 송월길 154 (행촌동),서울특별시 종로구 송월길 154 
254,무악동주민센터,서울특별시 종로구 통일로14길 36 (무악동),서울특별시 종로구 통일로14길 36 
255,부암동주민센터,서울특별시 종로구 창의문로 145 (부암동),서울특별시 종로구 창의문로 145 
256,사직동주민센터,서울특별시 종로구 사직로9길 1 (사직동),서울특별시 종로구 사직로9길 1 
287,오륜동주민센터,서울특별시 송파구 양재대로 1232 (오륜동),서울특별시 송파구 양재대로 1232 
288,위례동주민센터,서울특별시 송파구 위례광장로 163 (위례동),서울특별시 송파구 위례광장로 163 
289,삼청동주민센터,서울특별시 종로구 삼청로 107 (삼청동),서울특별시 종로구 삼청로 107 
290,숭인1동주민센터,서울특별시 종로구 지봉로 86 (숭인동),서울특별시 종로구 지봉로 86 
291,숭인2동주민센터,서울특별시 종로구 종로65길 10 (숭인동),서울특별시 종로구 종로65길 10 
292,이화동주민센터,서울특별시 종로구 이화장길 33 (이화동),서울특별시 종로구 이화장길 33 
293,종로1.2.3.4가동주민센터,서울특별시 종로구 종로17길 8 (종로2가),서울특별시 종로구 종로17길 8 
294,종로5.6가동주민센터,서울특별시 종로구 종로35가길 19 (효제동),서울특별시 종로구 종로35가길 19 
295,창신1동주민센터,서울특별시 종로구 지봉로 8-6 (창신동),서울특별시 종로구 지봉로 8-6 
296,창신2동주민센터,서울특별시 종로구 창신길 62 (창신동),서울특별시 종로구 창신길 62 
297,창신3동주민센터,서울특별시 종로구 지봉로 87 (창신동),서울특별시 종로구 지봉로 87 
298,청운효자동주민센터,서울특별시 종로구 자하문로 92 (궁정동),서울특별시 종로구 자하문로 92 
299,평창동주민센터,서울특별시 종로구 평창문화로 65 (평창동),서울특별시 종로구 평창문화로 65 
300,혜화동주민센터,서울특별시 종로구 혜화로 12 (혜화동),서울특별시 종로구 혜화로 12 
301,광희동주민센터,서울특별시 중구 퇴계로 303-9 (광희동1가),서울특별시 중구 퇴계로 303-9 
302,다산동주민센터,서울특별시 중구 동호로15길 50 (신당2동),서울특별시 중구 동호로15길 50 
303,동화동주민센터,서울특별시 중구 다산로36길 100 (신당6동),서울특별시 중구 다산로36길 100 
304,명동주민센터,서울특별시 중구 퇴계로20길 3 (남산동 2가),서울특별시 중구 퇴계로20길 3 
305,소공동주민센터,서울특별시 중구 남대문로1길 31-5 (북창동),서울특별시 중구 남대문로1길 31-5 
306,신당5동주민센터,서울특별시 중구 다산로44길 85 (신당5동),서울특별시 중구 다산로44길 85 
307,신당동주민센터,서울특별시 중구 다산로 211 (신당동),서울특별시 중구 다산로 211 
308,약수동주민센터,서울특별시 중구 다산로 92 (신당3동),서울특별시 중구 다산로 92 
309,을지로동주민센터,서울특별시 중구 충무로9길 19 (을지로3가),서울특별시 중구 충무로9길 19 
310,장충동주민센터,서울특별시 중구 장충단로8길 22 (장충동1가),서울특별시 중구 장충단로8길 22 
311,중림동주민센터,서울특별시 중구 서소문로6길 16 (중림동),서울특별시 중구 서소문로6길 16 
312,청구동주민센터,서울특별시 중구 청구로3길 55 (신당4동),서울특별시 중구 청구로3길 55 
313,필동주민센터,서울특별시 중구 퇴계로36길 42 (필동2가),서울특별시 중구 퇴계로36길 42 
314,황학동주민센터,서울특별시 중구 황학동 난계로11길 52 (황학동),서울특별시 중구 황학동 난계로11길 52 
315,회현동주민센터,서울특별시 중구 퇴계로8길 46 (회현동1가),서울특별시 중구 퇴계로8길 46 
322,전농2동주민센터,서울특별시 동대문구 사가정로 137 (전농동),서울특별시 동대문구 사가정로 137 
323,제기동주민센터,서울특별시 동대문구 약령시로 71 (제기동),서울특별시 동대문구 약령시로 71 
324,청량리동주민센터,서울특별시 동대문구 왕산로43다길 5 (청량리동),서울특별시 동대문구 왕산로43다길 5 
325,회기동주민센터,서울특별시 동대문구 회기로25길 12-1 (회기동),서울특별시 동대문구 회기로25길 12-1 
326,휘경1동주민센터,서울특별시 동대문구 외대역동로6길 3 (휘경동),서울특별시 동대문구 외대역동로6길 3 
327,휘경2동주민센터,서울특별시 동대문구 한천로 329 (휘경동),서울특별시 동대문구 한천로 329 
328,노량진1동주민센터,서울특별시 동작구 장승배기로28길 30,서울특별시 동작구 장승배기로28길 30
329,노량진2동주민센터,서울특별시 동작구 장승배기로19길 48,서울특별시 동작구 장승배기로19길 48
330,대방동주민센터,서울특별시 동작구 여의대방로44길 20,서울특별시 동작구 여의대방로44길 20
331,사당1동주민센터,서울특별시 동작구 동작대로17길 28,서울특별시 동작구 동작대로17길 28
332,사당2동주민센터,서울특별시 동작구 동작대로29길 52,서울특별시 동작구 동작대로29길 52
333,사당3동주민센터,서울특별시 동작구 사당로17길 86,서울특별시 동작구 사당로17길 86
334,사당4동주민센터,서울특별시 동작구 사당로16아길 6,서울특별시 동작구 사당로16아길 6
335,사당5동주민센터,서울특별시 동작구 사당로2가길 219,서울특별시 동작구 사당로2가길 219
336,상도1동주민센터,서울특별시 동작구 상도로53길 9,서울특별시 동작구 상도로53길 9
337,상도2동주민센터,서울특별시 동작구 상도로 211,서울특별시 동작구 상도로 211
338,상도3동주민센터,서울특별시 동작구 성대로2길 11,서울특별시 동작구 성대로2길 11
339,상도4동주민센터,서울특별시 동작구 성대로29길 53,서울특별시 동작구 성대로29길 53
340,신대방1동주민센터,서울특별시 동작구 신대방길72,서울특별시 동작구 신대방길72
341,신대방2동주민센터,서울특별시 동작구 여의대방로24길 106,서울특별시 동작구 여의대방로24길 106
342,흑석동주민센터,서울특별시 동작구 흑석한강로 11,서울특별시 동작구 흑석한강로 11
343,공덕동주민센터,서울특별시 마포구 만리재옛길 84 (공덕동),서울특별시 마포구 만리재옛길 84 
344,대흥동주민센터,서울특별시 마포구 신촌로 26길 10 (노고산동),서울특별시 마포구 신촌로 26길 10 
345,도화동주민센터,서울특별시 마포구 도화길 37 (도화동),서울특별시 마포구 도화길 37 
346,석관동주민센터,서울특별시 성북구 화랑로 296 (석관동),서울특별시 성북구 화랑로 296 
347,성북동주민센터,서울특별시 성북구 성북로 37 (성북동),서울특별시 성북구 성북로 37 
348,서초4동주민센터,서울특별시 서초구 서운로26길 3,서울특별시 서초구 서운로26길 3
349,양재1동주민센터,서울특별시 서초구 바우뫼로41 (우면동),서울특별시 서초구 바우뫼로41 
350,양재2동주민센터,서울특별시 서초구 강남대로12길 44,서울특별시 서초구 강남대로12길 44
351,잠원동주민센터,서울특별시 서초구 나루터로 38,서울특별시 서초구 나루터로 38
352,금호1가동주민센터,서울특별시 성동구 행당로 15 (금호동1가),서울특별시 성동구 행당로 15 
353,금호2-3가동주민센터,서울특별시 성동구 무수막18길 1 (금호동2가),서울특별시 성동구 무수막18길 1 
354,금호4가동주민센터,서울특별시 성동구 독서당로46길 26 (금호동4가),서울특별시 성동구 독서당로46길 26 
355,마장동주민센터,서울특별시 성동구 마장로42길 11 (마장동),서울특별시 성동구 마장로42길 11 
356,사근동주민센터,서울특별시 성동구 사근동길 45-8 (사근동),서울특별시 성동구 사근동길 45-8 
357,성수1가1동주민센터,서울특별시 성동구 뚝섬로3길 18 (성수동1가),서울특별시 성동구 뚝섬로3길 18 
358,성수1가2동주민센터,서울특별시 성동구 왕십리로5길 3 (성수동1가),서울특별시 성동구 왕십리로5길 3 
359,성수2가1동주민센터,서울특별시 성동구 뚝섬로 385-19 (성수동2가),서울특별시 성동구 뚝섬로 385-19 
360,성수2가3동주민센터,서울특별시 성동구 광나루로2길 35 (성수동2가),서울특별시 성동구 광나루로2길 35 
361,송정동주민센터,서울특별시 성동구 동일로43길 13 (송정동),서울특별시 성동구 동일로43길 13 
362,옥수동주민센터,서울특별시 성동구 독서당로 205-1 (옥수동),서울특별시 성동구 독서당로 205-1 
363,왕십리2동주민센터,서울특별시 성동구 무학봉길 69 (하왕십리동),서울특별시 성동구 무학봉길 69 
364,왕십리도선동주민센터,서울특별시 성동구 마장로 141 (상왕십리동),서울특별시 성동구 마장로 141 
365,용답동주민센터,서울특별시 성동구 용답중앙23길 20 (용답동),서울특별시 성동구 용답중앙23길 20 
366,응봉동주민센터,서울특별시 성동구 독서당로 424 (응봉동),서울특별시 성동구 독서당로 424 
367,행당1동주민센터,서울특별시 성동구 고산자로10길 18 (행당동),서울특별시 성동구 고산자로10길 18 
368,행당2동주민센터,서울특별시 성동구 행당로9길 9 (행당동),서울특별시 성동구 행당로9길 9 
369,길음1동주민센터,서울특별시 성북구 길음로 92 (길음동),서울특별시 성북구 길음로 92 
370,길음제2동주민센터,서울특별시 성북구 삼양로2길 70 (길음동),서울특별시 성북구 삼양로2길 70 
371,돈암1동주민센터,서울특별시 성북구 정릉로 394 (돈암동),서울특별시 성북구 정릉로 394 
372,방배1동주민센터,서울특별시 서초구 효령로29길 43,서울특별시 서초구 효령로29길 43
373,방배2동주민센터,서울특별시 서초구 청두곶길 36,서울특별시 서초구 청두곶길 36
374,방배3동주민센터,서울특별시 서초구 방배로10길 10-20,서울특별시 서초구 방배로10길 10-20
375,방배4동주민센터,서울특별시 서초구 방배로173 (방배동),서울특별시 서초구 방배로173 
376,방배본동주민센터,서울특별시 서초구 동광로19길 38 (,서울특별시 서초구 동광로19길 38 (
377,서초1동주민센터,서울특별시 서초구 사임당로 89,서울특별시 서초구 사임당로 89
378,서초2동주민센터,서울특별시 서초구 서초대로 70길 51,서울특별시 서초구 서초대로 70길 51
379,수궁동주민센터,서울특별시 구로구 오리로15길 32 (수궁동주민센터)),서울특별시 구로구 오리로15길 32 
380,신도림동주민센터,서울특별시 구로구 신도림로 40 (신도림동주민센터),서울특별시 구로구 신도림로 40 
381,오류1동주민센터,서울특별시 구로구 경인로 221 (오류1동주민센터)),서울특별시 구로구 경인로 221 
382,오류2동주민센터,서울특별시 구로구 오류로 45 (오류2동주민센터),서울특별시 구로구 오류로 45 
383,가산동주민센터,서울특별시 금천구 가산로 129 (가산동),서울특별시 금천구 가산로 129 
384,독산1동주민센터,서울특별시 금천구 시흥대로123길 11 (독산동),서울특별시 금천구 시흥대로123길 11 
385,독산2동주민센터,서울특별시 금천구 범안로 1240 (독산동),서울특별시 금천구 범안로 1240 
386,독산3동주민센터,서울특별시 금천구 독산로 317 (독산동),서울특별시 금천구 독산로 317 
387,독산4동주민센터,서울특별시 금천구 독산로 232 (독산동),서울특별시 금천구 독산로 232 
388,시흥1동주민센터,서울특별시 금천구 시흥대로58길 36 (시흥동),서울특별시 금천구 시흥대로58길 36 
389,시흥2동주민센터,서울특별시 금천구 금하로 764 (시흥동. 금천종합복지타운),서울특별시 금천구 금하로 764 
390,시흥3동주민센터,서울특별시 금천구 시흥대로18길 40 (시흥동),서울특별시 금천구 시흥대로18길 40 
391,시흥4동주민센터,서울특별시 금천구 독산로36길 14 (시흥동),서울특별시 금천구 독산로36길 14 
392,시흥5동주민센터,서울특별시 금천구 금하로21길 20 (시흥동),서울특별시 금천구 금하로21길 20 
393,공릉1동주민센터,서울특별시 노원구 동일로186길 3-24 (공릉동),서울특별시 노원구 동일로186길 3-24 
394,공릉2동주민센터,서울특별시 노원구 노원로1길 68 (공릉동),서울특별시 노원구 노원로1길 68 
395,상계10동주민센터,서울특별시 노원구 노원로 530 (상계동),서울특별시 노원구 노원로 530 
396,상계1동주민센터,서울특별시 노원구 동일로 1697 (상계동),서울특별시 노원구 동일로 1697 
397,상계2동주민센터,서울특별시 노원구 상계로23길 17 (상계동),서울특별시 노원구 상계로23길 17 
398,상계3.4동주민센터,서울특별시 노원구 덕릉로 859 (상계동),서울특별시 노원구 덕릉로 859 
399,상계5동주민센터,서울특별시 노원구 한글비석로 434 (상계동),서울특별시 노원구 한글비석로 434 
400,상계6.7동주민센터,서울특별시 노원구 노원로 429 (상계동),서울특별시 노원구 노원로 429 
401,상계8동주민센터,서울특별시 노원구 동일로227길 97 (상계동),서울특별시 노원구 동일로227길 97 
402,상계9동주민센터,서울특별시 노원구 한글비석로 487 (상계동),서울특별시 노원구 한글비석로 487 
403,월계1동주민센터,서울특별시 노원구 석계로 59 (월계동),서울특별시 노원구 석계로 59 
404,월계2동주민센터,서울특별시 노원구 초안산로5길 28 (월계동),서울특별시 노원구 초안산로5길 28 
405,월계3동주민센터,서울특별시 노원구 마들로 57 (월계동),서울특별시 노원구 마들로 57 
406,중계1동주민센터,서울특별시 노원구 한글비석로 279 (중계동),서울특별시 노원구 한글비석로 279 
407,성내3동주민센터,서울특별시 강동구 강동대로53길 76 (성내동),서울특별시 강동구 강동대로53길 76 
408,암사1동주민센터,서울특별시 강동구 올림픽로98가길 57 (암사동),서울특별시 강동구 올림픽로98가길 57 
409,암사2동주민센터,서울특별시 강동구 상암로3길 28 (암사동),서울특별시 강동구 상암로3길 28 
410,암사3동주민센터,서울특별시 강동구 고덕로 137 (암사동),서울특별시 강동구 고덕로 137 
411,천호1동주민센터,서울특별시 강동구 구천면로42길 59 (천호동),서울특별시 강동구 구천면로42길 59 
412,천호2동주민센터,서울특별시 강동구 올림픽로 698 (천호동),서울특별시 강동구 올림픽로 698 
413,천호3동주민센터,서울특별시 강동구 진황도로23길 7 (천호동),서울특별시 강동구 진황도로23길 7 
414,미아동주민센터,서울특별시 강북구 솔매로49길 14 1층,서울특별시 강북구 솔매로49길 14 1층
415,번1동주민센터,서울특별시 강북구 덕릉로41길 74,서울특별시 강북구 덕릉로41길 74
416,번2동주민센터,서울특별시 강북구 한천로 897,서울특별시 강북구 한천로 897
417,번3동주민센터,서울특별시 강북구 한천로105길 21,서울특별시 강북구 한천로105길 21
418,삼각산동주민센터,서울특별시 강북구 삼양로19길 102,서울특별시 강북구 삼양로19길 102
419,삼양동주민센터,서울특별시 강북구 삼양로 268,서울특별시 강북구 삼양로 268
420,송중동주민센터,서울특별시 강북구 오패산로 162,서울특별시 강북구 오패산로 162
421,송천동주민센터,서울특별시 강북구 솔샘로 284,서울특별시 강북구 솔샘로 284
422,수유1동주민센터,서울특별시 강북구 삼양로 299,서울특별시 강북구 삼양로 299
423,수유2동주민센터,서울특별시 강북구 한천로 1117,서울특별시 강북구 한천로 1117
424,수유3동주민센터,서울특별시 강북구 노해로 36,서울특별시 강북구 노해로 36
425,우이동주민센터,서울특별시 강북구 삼양로139길 49,서울특별시 강북구 삼양로139길 49
426,인수동주민센터,서울특별시 강북구 인수봉로 255,서울특별시 강북구 인수봉로 255
427,가양1동주민센터,서울특별시 강서구 허준로 30 (가양동),서울특별시 강서구 허준로 30 
428,가양2동주민센터,서울특별시 강서구 허준로 93 (가양동),서울특별시 강서구 허준로 93 
429,신림동주민센터,서울특별시 관악구 신림동길 14,서울특별시 관악구 신림동길 14
430,신사동주민센터,서울특별시 관악구 조원로 142,서울특별시 관악구 조원로 142
431,신원동주민센터,서울특별시 관악구 신원로3길 13-6,서울특별시 관악구 신원로3길 13-6
432,은천동주민센터,서울특별시 관악구 봉천로33나길 30,서울특별시 관악구 봉천로33나길 30
433,인헌동주민센터,서울특별시 관악구 남부순환로246가길 20,서울특별시 관악구 남부순환로246가길 20
434,조원동주민센터,서울특별시 관악구 조원로12길 25,서울특별시 관악구 조원로12길 25
435,중앙동주민센터,서울특별시 관악구 양녕로6다길 7,서울특별시 관악구 양녕로6다길 7
436,청룡동주민센터,서울특별시 관악구 쏙고개로 44,서울특별시 관악구 쏙고개로 44
437,청림동주민센터,서울특별시 관악구 관악로 40길 39,서울특별시 관악구 관악로 40길 39
438,행운동주민센터,서울특별시 관악구 행운1길 43,서울특별시 관악구 행운1길 43
439,광장동주민센터,서울특별시 광진구 광장로 52 (광장동),서울특별시 광진구 광장로 52 
440,구의1동주민센터,서울특별시 광진구 광나루로36길 56 (구의동),서울특별시 광진구 광나루로36길 56 
441,구의2동주민센터,서울특별시 광진구 천호대로136길 55 (구의동),서울특별시 광진구 천호대로136길 55 
442,구의3동주민센터,서울특별시 광진구 강변역로 17 (구의동),서울특별시 광진구 강변역로 17 
443,군자동주민센터,서울특별시 광진구 군자로 151 (군자동),서울특별시 광진구 군자로 151 
444,능동주민센터,서울특별시 광진구 천호대로112길 55 (능동),서울특별시 광진구 천호대로112길 55 
445,자양1동주민센터,서울특별시 광진구 자양로13길 37 (자양동),서울특별시 광진구 자양로13길 37 
446,자양2동주민센터,서울특별시 광진구 자양로3가길 26 (자양동),서울특별시 광진구 자양로3가길 26 
447,자양3동주민센터,서울특별시 광진구 뚝섬로 568 (자양동),서울특별시 광진구 뚝섬로 568 
448,자양제4동주민센터,서울특별시 광진구 뚝섬로 26길 58 (자양동),서울특별시 광진구 뚝섬로 26길 58 
449,중곡1동주민센터,서울특별시 광진구 긴고랑로12길 49 (중곡동),서울특별시 광진구 긴고랑로12길 49 
450,중곡2동주민센터,서울특별시 광진구 능동로 345 (중곡2동),서울특별시 광진구 능동로 345 
451,중곡3동주민센터,서울특별시 광진구 동일로 76가길 28 (중곡동),서울특별시 광진구 동일로 76가길 28 
452,중곡4동주민센터,서울특별시 광진구 긴고랑로 131 (중곡4동),서울특별시 광진구 긴고랑로 131 
453,화양동주민센터,서울특별시 광진구 능동로17길 39 (화양동),서울특별시 광진구 능동로17길 39 
454,가리봉동주민센터,서울특별시 구로구 디지털로26길 5 (가리봉동주민센터),서울특별시 구로구 디지털로26길 5 
455,개봉1동주민센터,서울특별시 구로구 경인로 33길 51 (개봉1동주민센터),서울특별시 구로구 경인로 33길 51 
456,개봉2동주민센터,서울특별시 구로구 개봉로16가길 17 (개봉2동주민센터),서울특별시 구로구 개봉로16가길 17 
457,개봉3동주민센터,서울특별시 구로구 개봉로3길 47-5 (개봉3동주민센터),서울특별시 구로구 개봉로3길 47-5 
458,고척1동주민센터,서울특별시 구로구 중앙로3길 18-8 (고척1동주민센터),서울특별시 구로구 중앙로3길 18-8 
459,고척2동주민센터,서울특별시 구로구 중앙로15길 22 (고척2동주민센터),서울특별시 구로구 중앙로15길 22 
460,구로1동주민센터,서울특별시 구로구 구일로4길 57 (구로1동주민센터),서울특별시 구로구 구일로4길 57 
461,구로2동주민센터,서울특별시 구로구 구로동로 141 (구로2동주민센터)),서울특별시 구로구 구로동로 141 
462,구로3동주민센터,서울특별시 구로구 디지털로31길 109 (구로동3동주민센터),서울특별시 구로구 디지털로31길 109 
463,구로4동주민센터,서울특별시 구로구 구로동로28길 94 (구로동4동주민센터),서울특별시 구로구 구로동로28길 94 
464,구로5동주민센터,서울특별시 구로구 구로중앙로28길 66 (구로5동주민센터),서울특별시 구로구 구로중앙로28길 66 
465,가양3동주민센터,서울특별시 강서구 허준로 202 (가양동),서울특별시 강서구 허준로 202 
466,공항동주민센터,서울특별시 강서구 송정로 45 (공항동),서울특별시 강서구 송정로 45 
467,등촌1동주민센터,서울특별시 강서구 공항대로53가길 55 (등촌동),서울특별시 강서구 공항대로53가길 55 
468,등촌2동주민센터,서울특별시 강서구 등촌 143 (등촌동),서울특별시 강서구 등촌 143 
469,등촌3동주민센터,서울특별시 강서구 화곡로63길 96 (등촌동),서울특별시 강서구 화곡로63길 96 
470,발산1동주민센터,서울특별시 강서구 강서로47길 54 (내발산동),서울특별시 강서구 강서로47길 54 
471,방화1동주민센터,서울특별시 강서구 방화동로 124-1 (방화동),서울특별시 강서구 방화동로 124-1 
472,방화2동주민센터,서울특별시 강서구 개화동로 23길 20 (방화동),서울특별시 강서구 개화동로 23길 20 
473,중계23동주민센터,서울특별시 노원구 노원로17길 56 (중계동),서울특별시 노원구 노원로17길 56 
474,중계4동주민센터,서울특별시 노원구 덕릉로82길 50 (중계동),서울특별시 노원구 덕릉로82길 50 
475,중계본동주민센터,서울특별시 노원구 중계로 143 (중계동),서울특별시 노원구 중계로 143 
476,하계1동주민센터,서울특별시 노원구 노원로 261 (하계동),서울특별시 노원구 노원로 261 
477,하계2동주민센터,서울특별시 노원구 공릉로55길 88 (하계동),서울특별시 노원구 공릉로55길 88 
478,도봉1동주민센터,서울특별시 도봉구 도봉로169나길 22 (도봉동),서울특별시 도봉구 도봉로169나길 22 
479,도봉2동주민센터,서울특별시 도봉구 마들로 668 (도봉동),서울특별시 도봉구 마들로 668 
480,방학1동주민센터,서울특별시 도봉구 방학로2길 27 (방학동),서울특별시 도봉구 방학로2길 27 
481,방학2동주민센터,서울특별시 도봉구 시루봉로 226 (방학동),서울특별시 도봉구 시루봉로 226 
482,방학3동주민센터,서울특별시 도봉구 시루봉로 94 (방학동),서울특별시 도봉구 시루봉로 94 
483,쌍문1동주민센터,서울특별시 도봉구 노해로 147 (쌍문동),서울특별시 도봉구 노해로 147 
484,쌍문2동주민센터,서울특별시 도봉구 방학로3길 117 (쌍문동),서울특별시 도봉구 방학로3길 117 
485,쌍문3동주민센터,서울특별시 도봉구 노해로44길 9 (쌍문동),서울특별시 도봉구 노해로44길 9 
486,쌍문4동주민센터,서울특별시 도봉구 시루봉로 62-7 ( 쌍문동),서울특별시 도봉구 시루봉로 62-7 
487,창1동주민센터,서울특별시 도봉구 해등로 46 (창동),서울특별시 도봉구 해등로 46 
488,창2동주민센터,서울특별시 도봉구 덕릉로59길 73-3 (창동),서울특별시 도봉구 덕릉로59길 73-3 
489,창3동주민센터,서울특별시 도봉구 덕릉로62길 89 (창동),서울특별시 도봉구 덕릉로62길 89 
490,창4동주민센터,서울특별시 도봉구 노해로 390 (창동),서울특별시 도봉구 노해로 390 
491,창5동주민센터,서울특별시 도봉구 도봉로136나길 20 (창동),서울특별시 도봉구 도봉로136나길 20 
492,답십리1동주민센터,서울특별시 동대문구 고미술로 12 (답십리동 혜민빌딩23층),서울특별시 동대문구 고미술로 12 
493,답십리2동주민센터,서울특별시 동대문구 한천로11길 18 (답십리동),서울특별시 동대문구 한천로11길 18 
494,용신동주민센터,서울특별시 동대문구 천호대로27길 35 (용두동),서울특별시 동대문구 천호대로27길 35 
495,이문1동주민센터,서울특별시 동대문구 외대역동로 114-1 (이문동),서울특별시 동대문구 외대역동로 114-1 
496,이문2동주민센터,서울특별시 동대문구 신이문로 27-5 (이문동),서울특별시 동대문구 신이문로 27-5 
497,장안1동주민센터,서울특별시 동대문구 한천로18길 52 (장안동),서울특별시 동대문구 한천로18길 52 
498,장안2동주민센터,서울특별시 동대문구 사가정로 230-1 (장안동),서울특별시 동대문구 사가정로 230-1 
499,전농1동주민센터,서울특별시 동대문구 서울시립대로9길 21 (전농동),서울특별시 동대문구 서울시립대로9길 21 
500,방화3동주민센터,서울특별시 강서구 금낭화로24길 5 (방화동),서울특별시 강서구 금낭화로24길 5 
501,염창동주민센터,서울특별시 강서구 양천로67가길 63 (염창동),서울특별시 강서구 양천로67가길 63 
502,우장산동주민센터,서울특별시 강서구 우현로 34 (화곡동),서울특별시 강서구 우현로 34 
503,화곡1동주민센터,서울특별시 강서구 곰달래로 79 (화곡동),서울특별시 강서구 곰달래로 79 
504,화곡2동주민센터,서울특별시 강서구 곰달래로37길 13 (화곡동),서울특별시 강서구 곰달래로37길 13 
505,화곡3동주민센터,서울특별시 강서구 강서로33가길 17 (화곡동),서울특별시 강서구 강서로33가길 17 
506,화곡4동주민센터,서울특별시 강서구 곰달래로57가길 26 (화곡동),서울특별시 강서구 곰달래로57가길 26 
507,화곡6동주민센터,서울특별시 강서구 화곡로 312 (화곡동),서울특별시 강서구 화곡로 312 
508,화곡8동주민센터,서울특별시 강서구 곰달래로25길 45 (화곡동),서울특별시 강서구 곰달래로25길 45 
509,화곡본동주민센터,서울특별시 강서구 초록마을로5길 29 (화곡동),서울특별시 강서구 초록마을로5길 29 
510,낙성대동주민센터,서울특별시 관악구 낙성대로4가길 5,서울특별시 관악구 낙성대로4가길 5
511,난곡동주민센터,서울특별시 관악구 난곡로30길 40,서울특별시 관악구 난곡로30길 40
512,난향동주민센터,서울특별시 관악구 난곡로 67,서울특별시 관악구 난곡로 67
513,남현동주민센터,서울특별시 관악구 남현1가길 29,서울특별시 관악구 남현1가길 29
514,대학동주민센터,서울특별시 관악구 신림로 111,서울특별시 관악구 신림로 111
515,미성동주민센터,서울특별시 관악구 난곡로 249,서울특별시 관악구 난곡로 249
516,보라매동주민센터,서울특별시 관악구 봉천로 279-8,서울특별시 관악구 봉천로 279-8
517,삼성동주민센터,서울특별시 관악구 호암로 589,서울특별시 관악구 호암로 589
518,서림동주민센터,서울특별시 관악구 신림로29길 6,서울특별시 관악구 신림로29길 6
519,서원동주민센터,서울특별시 관악구 신림로 282,서울특별시 관악구 신림로 282
520,성현동주민센터,서울특별시 관악구 구암길 38,서울특별시 관악구 구암길 38
